Class,Precision,Recall,F1-score,Support
Benign,0.6111111111111112,0.9166666666666666,0.7333333333333333,12
Malignant,0.75,0.3,0.42857142857142855,10
